{"cameraMode":{"drawMode":0,"name":"Shaded","section":"Shading Mode"},"sceneLighting":true,"audioPlay":false,"sceneViewState":{"showFog":true,"showMaterialUpdate":false,"showSkybox":true,"showFlares":true,"showImageEffects":true,"showParticleSystems":true},"in2DMode":false,"pivot":{"x":7.854975700378418,"y":-0.7737859487533569,"z":8.38410758972168},"rotation":{"x":-0.13234692811965943,"y":-0.23923495411872865,"z":0.03293503448367119,"w":-0.9613356590270996},"size":9.568896293640137,"orthographic":false}