{"cameraMode":{"drawMode":0,"name":"Shaded","section":"Shading Mode"},"sceneLighting":true,"audioPlay":false,"sceneViewState":{"showFog":true,"showMaterialUpdate":false,"showSkybox":true,"showFlares":true,"showImageEffects":true,"showParticleSystems":true},"in2DMode":false,"pivot":{"x":7.443788528442383,"y":-0.6026709079742432,"z":8.17317008972168},"rotation":{"x":-0.12315594404935837,"y":-0.2939079999923706,"z":0.03821755573153496,"w":-0.9470956325531006},"size":13.555159568786621,"orthographic":false}