{"cameraMode":{"drawMode":0,"name":"Shaded","section":"Shading Mode"},"sceneLighting":true,"audioPlay":false,"sceneViewState":{"showFog":true,"showMaterialUpdate":false,"showSkybox":true,"showFlares":true,"showImageEffects":true,"showParticleSystems":true},"in2DMode":false,"pivot":{"x":31.99997901916504,"y":2.496286392211914,"z":54.59907531738281},"rotation":{"x":-0.36622974276542666,"y":-0.08996349573135376,"z":0.03559938445687294,"w":-0.9254810214042664},"size":22.0,"orthographic":false}